Month,Day,Blog Title,Keywords,Research Topics,Word Count,Cool Facts,Researched Articles
February,6,WCAG 2.2 Compliance: Avoid Costly ADA Lawsuits and Boost Your Website Traffic,"WCAG 2.2, ADA lawsuits, website traffic, compliance, accessibility","WCAG 2.2 guidelines, ADA compliance requirements, benefits of WCAG compliance, how to achieve WCAG compliance, common WCAG violations",1500-2000,Did you know that inaccessible websites can result in lawsuits and fines?,
,,The Ultimate Guide to ADA Compliance for Healthcare Websites,"ADA compliance, healthcare websites, accessibility, legal requirements, patient experience","ADA Title III requirements for healthcare websites, WCAG guidelines for healthcare websites, best practices for accessible healthcare websites, examples of accessible healthcare websites",1200-1500,"Over 25% of the US population has a disability, and many of them rely on healthcare websites for information and services.",
,,Accessibility in Healthcare: Improving the Patient Experience,"Healthcare accessibility, patient experience, digital inclusion, telehealth, online forms","How accessibility impacts patient access to healthcare information and services, best practices for accessible healthcare websites and applications, the role of accessibility in telehealth",1000-1200,"Inaccessible healthcare websites can create barriers for patients with disabilities, limiting their access to vital information and services.",
,7,Achieves ADA Compliance and Boosts Website Traffic with WebAbility.io,"ADA compliance, website traffic, WebAbility.io, accessibility solutions, case study","How WebAbility.io helps businesses achieve ADA compliance, benefits of using WebAbility.io, case study of a business that improved website traffic with WebAbility.io",800-1000,Websites that are accessible to people with disabilities tend to have better SEO and user engagement.,
,,The Future of Web Accessibility: Top Trends to Watch in 2025,"web accessibility, future trends, AI, VR, voice technology, mobile accessibility","Emerging technologies in web accessibility, predictions for the future of web accessibility, how businesses can prepare for the future of web accessibility",1000-1200,"AI-powered accessibility tools are becoming increasingly sophisticated, automating tasks like accessibility testing and content adaptation.",
,,Web Accessibility and Innovation: Exploring the Latest Trends,"Web accessibility, innovation, emerging technologies, AI, VR, voice control, personalization","How emerging technologies are shaping the future of web accessibility, the role of AI in automating accessibility testing and remediation, the potential of VR and voice control in creating more inclusive experiences",1000-1200,"Emerging technologies like AI and VR have the potential to revolutionize web accessibility, creating more inclusive and personalized experiences for users with disabilities.",
,8,AODA Compliance Made Easy: A Guide for Canadian Businesses,"AODA compliance, Canadian businesses, accessibility, legal requirements, website accessibility","AODA requirements for websites, how to achieve AODA compliance, resources for AODA compliance, benefits of AODA compliance",1000-1200,The Accessibility for Ontarians with Disabilities Act (AODA) aims to make Ontario accessible to people with disabilities by 2025.,
,,Top 10 Web Accessibility Testing Tools for 2025,"web accessibility testing, accessibility tools, automated testing, manual testing, WCAG compliance","Overview of the top accessibility testing tools, comparison of features and pricing, how to choose the right tool for your needs",1200-1500,Automated accessibility testing tools can help identify common accessibility issues quickly and efficiently.,
,,The Essential Guide to Web Accessibility Testing,"Web accessibility testing, automated testing, manual testing, user testing, accessibility tools, WCAG compliance","Different types of accessibility testing, the benefits and limitations of each approach, how to choose the right testing methods for your needs, best practices for conducting accessibility tests",1200-1500,"Comprehensive accessibility testing involves a combination of automated tools, manual checks, and user feedback to ensure a thorough evaluation of your website's accessibility.",
,9,Mobile Accessibility: Essential for Reaching a Wider Audience,"mobile accessibility, website accessibility, responsive design, mobile-first indexing, user experience","Importance of mobile accessibility, how to design for mobile accessibility, best practices for mobile accessibility, examples of accessible mobile websites",1000-1200,Over 50% of all website traffic comes from mobile devices.,
,,ADA Compliance for E-commerce: A Guide for Online Retailers,"ADA compliance, e-commerce, online retailers, accessibility, legal requirements","ADA Title III requirements for e-commerce websites, WCAG guidelines for e-commerce websites, best practices for accessible e-commerce websites, examples of accessible e-commerce websites",1200-1500,Inaccessible e-commerce websites can lead to lost sales and customer frustration.,
,,E-commerce Accessibility: A Must-Have for Online Success,"E-commerce accessibility, online retail, ADA compliance, WCAG guidelines, user experience, conversion rates","The importance of e-commerce accessibility, how to make your online store accessible to everyone, the benefits of an accessible online store, examples of accessible e-commerce websites",1000-1200,"Accessible e-commerce websites can lead to increased sales, improved customer loyalty, and a better brand reputation.",
,10,Creating Accessible Online Learning Environments: A Guide for Educational Institutions,"online learning, accessibility, educational institutions, WCAG compliance, inclusive design","Accessibility guidelines for online learning platforms, assistive technologies for online learning, best practices for creating accessible online courses, examples of accessible online learning environments",1200-1500,"Accessible online learning environments benefit all students, not just those with disabilities.",
,11,Section 508 Compliance: A Guide for Government Websites,"Section 508, government websites, accessibility, legal requirements, compliance","Section 508 requirements for websites, how to achieve Section 508 compliance, resources for Section 508 compliance, benefits of Section 508 compliance",1000-1200,Section 508 requires federal agencies to make their electronic and information technology accessible to people with disabilities. 1,
,12,Digital Accessibility in Government: Ensuring Equal Access for All Citizens,"Digital accessibility, government websites, Section 508 compliance, WCAG guidelines, inclusive design","The importance of digital accessibility in government, how to make government websites accessible to everyone, the benefits of accessible government websites, examples of accessible government websites",1000-1200,"Accessible government websites ensure that all citizens have equal access to information and services, regardless of their abilities.",
,,The Power of Captions: Making Videos Accessible to Everyone,"video accessibility, captions, subtitles, transcripts, WCAG guidelines","Benefits of captions, how to add captions to videos, different types of captions, best practices for captioning",1000-1200,Captions benefit not only people with hearing impairments but also those who watch videos in noisy environments or with the sound off.,
,,Web Accessibility for People with Cognitive Disabilities,"cognitive accessibility, web accessibility, inclusive design, WCAG guidelines, assistive technology","Challenges faced by people with cognitive disabilities online, how to design for cognitive accessibility, assistive technologies for cognitive accessibility, examples of websites with good cognitive accessibility",1200-1500,Cognitive accessibility focuses on making digital content and interfaces understandable and usable for people with cognitive disabilities.,
,13,"Designing for Cognitive Accessibility:  Clear, Concise, and User-Friendly","Cognitive accessibility, web design, user experience, WCAG guidelines, plain language, visual clarity","How to design websites and applications that are easy to understand and use for people with cognitive disabilities, the importance of clear language, consistent navigation, and visual cues",1000-1200,"Websites with good cognitive accessibility are often more user-friendly for everyone, not just those with disabilities.",
,14,The Importance of Alt Text for Images,"alt text, image accessibility, web accessibility, WCAG guidelines, screen readers","Why alt text is important, how to write good alt text, common alt text mistakes, examples of good alt text",800-1000,"Alt text provides a textual description of images for people who cannot see them, such as those using screen readers.",
,15,Designing Accessible Forms: A Step-by-Step Guide,"form accessibility, web accessibility, WCAG guidelines, user experience, assistive technology","Best practices for designing accessible forms, common form accessibility issues, how to test form accessibility, examples of accessible forms",1200-1500,"Inaccessible forms can prevent people with disabilities from completing important tasks online, such as making purchases or submitting applications.",
,,Form Accessibility:  A Key to Inclusive Online Experiences,"Form accessibility, web accessibility, WCAG guidelines, user experience, ADA compliance, online forms","The importance of form accessibility, how to design forms that are accessible to everyone, common form accessibility issues and how to avoid them, the benefits of accessible forms",1000-1200,Accessible forms ensure that everyone can easily interact with your website and complete important tasks online.,
,,Web Accessibility and the Law: What You Need to Know,"web accessibility, legal requirements, ADA, AODA, WCAG, lawsuits, compliance","Overview of web accessibility laws and regulations, potential consequences of non-compliance, how to achieve and maintain compliance",1500-2000,The number of web accessibility lawsuits is increasing every year.,
,16,The Benefits of an Accessibility Audit,"accessibility audit, web accessibility, WCAG compliance, ADA compliance, website accessibility","What is an accessibility audit, why you need an accessibility audit, how to conduct an accessibility audit, what to look for in an accessibility audit report",1000-1200,"An accessibility audit can help you identify and fix accessibility issues on your website, improving user experience and reducing legal risk.",
,17,Web Accessibility Audits: A Comprehensive Guide,"Web accessibility audit, website accessibility, WCAG compliance, ADA compliance, accessibility testing, remediation","What is a web accessibility audit, the different types of accessibility audits, how to choose the right audit for your needs, the benefits of conducting an accessibility audit",1200-1500,"A web accessibility audit can provide a comprehensive assessment of your website's accessibility, helping you identify and fix issues to improve compliance and user experience.",